mode	run	writes	elapsed_ms	latency_us	throughput_ops_s	max_rss_kb	disk_kb	recovery_ms
internal	1	1000	330	330	3030	4604	68	57
public	1	1000	350	350	2857	4600	64	49
internal	2	1000	343	343	2915	4600	64	52
public	2	1000	324	324	3086	4592	64	51
internal	3	1000	322	322	3105	4600	64	51
public	3	1000	339	339	2949	4600	64	53
internal	4	1000	342	342	2923	4604	68	48
public	4	1000	345	345	2898	4596	64	51
internal	5	1000	340	340	2941	4604	64	51
public	5	1000	340	340	2941	4604	64	51
internal	6	1000	340	340	2941	4600	64	53
public	6	1000	330	330	3030	4584	64	53
internal	7	1000	327	327	3058	4600	64	52
public	7	1000	339	339	2949	4604	64	50
internal	8	1000	339	339	2949	4600	64	51
public	8	1000	339	339	2949	4600	68	51
internal	9	1000	352	352	2840	4584	64	51
public	9	1000	330	330	3030	4604	64	49
internal	10	1000	346	346	2890	4600	64	50
public	10	1000	345	345	2898	4600	64	49
internal	11	1000	380	380	2631	4600	64	60
public	11	1000	356	356	2808	4604	64	52
internal	12	1000	338	338	2958	2700	64	51
public	12	1000	341	341	2932	2684	64	52
internal	13	1000	322	322	3105	2684	64	51
public	13	1000	315	315	3174	2692	68	55
internal	14	1000	335	335	2985	2684	64	51
public	14	1000	323	323	3095	2696	64	51
internal	15	1000	324	324	3086	2700	64	54
public	15	1000	337	337	2967	2700	64	48
internal	16	1000	330	330	3030	2696	64	48
public	16	1000	344	344	2906	2700	64	50
internal	17	1000	341	341	2932	2700	64	50
public	17	1000	323	323	3095	2700	64	54
internal	18	1000	336	336	2976	4608	68	49
public	18	1000	330	330	3030	2828	64	50
internal	19	1000	336	336	2976	2684	64	49
public	19	1000	343	343	2915	2828	64	48
internal	20	1000	320	320	3125	2688	64	50
public	20	1000	344	344	2906	2720	68	57
